 [{"UserName":"","EmailId":"","SsoId":"","Role":"","ApproveReject":"","Remarks":""},{"UserName":"","EmailId":"","SsoId":"","Role":"","ApproveReject":"","Remarks":""},{"UserName":"","EmailId":"","SsoId":"","Role":"","ApproveReject":"","Remarks":""},{"UserName":"","EmailId":"","SsoId":"","Role":"","ApproveReject":"","Remarks":""},{"UserName":"","EmailId":"","SsoId":"","Role":"","ApproveReject":"","Remarks":""},{"UserName":"","EmailId":"","SsoId":"","Role":"","ApproveReject":"","Remarks":""},{"UserName":"","EmailId":"","SsoId":"","Role":"","ApproveReject":"","Remarks":""},{"UserName":"","EmailId":"","SsoId":"","Role":"","ApproveReject":"","Remarks":""},{"UserName":"","EmailId":"","SsoId":"","Role":"","ApproveReject":"","Remarks":""},{"UserName":"","EmailId":"","SsoId":"","Role":"","ApproveReject":"","Remarks":""}]