[{"Year":"1","yoyDepr":""},{"Year":"2","yoyDepr":""},{"Year":"3","yoyDepr":""},{"Year":"4","yoyDepr":""},{"Year":"5","yoyDepr":""},{"Year":"6","yoyDepr":""},{"Year":"7","yoyDepr":""},{"Year":"8","yoyDepr":""},{"Year":"9","yoyDepr":""},{"Year":"10","yoyDepr":""},{"Year":"11","yoyDepr":""},{"Year":"12","yoyDepr":""},{"Year":"13","yoyDepr":""},{"Year":"14","yoyDepr":""},{"Year":"15","yoyDepr":""},{"Year":"16","yoyDepr":""},{"Year":"17","yoyDepr":""},{"Year":"18","yoyDepr":""},{"Year":"19","yoyDepr":""},{"Year":"20","yoyDepr":""},{"Year":"21","yoyDepr":""},{"Year":"22","yoyDepr":""},{"Year":"23","yoyDepr":""},{"Year":"24","yoyDepr":""},{"Year":"25","yoyDepr":""},{"Year":"26","yoyDepr":""},{"Year":"27","yoyDepr":""},{"Year":"28","yoyDepr":""},{"Year":"29","yoyDepr":""},{"Year":"30","yoyDepr":""}]