
[{"Functionid":"","Functionname":"","Functiondescription":"","Add":"","Remove":""},{"Functionid":"","Functionname":"","Functiondescription":"","Add":"","Remove":""},{"Functionid":"","Functionname":"","Functiondescription":"","Add":"","Remove":""},{"Functionid":"","Functionname":"","Functiondescription":"","Add":"","Remove":""},{"Functionid":"","Functionname":"","Functiondescription":"","Add":"","Remove":""},{"Functionid":"","Functionname":"","Functiondescription":"","Add":"","Remove":""},{"Functionid":"","Functionname":"","Functiondescription":"","Add":"","Remove":""},{"Functionid":"","Functionname":"","Functiondescription":"","Add":"","Remove":""},{"Functionid":"","Functionname":"","Functiondescription":"","Add":"","Remove":""},{"Functionid":"","Functionname":"","Functiondescription":"","Add":"","Remove":""}]