 [{"WindSpeed":"Wind Speed","GE23116Rev1":"Standard","GE23116":"Calculated","GE20116Rev0":"Standard","GE20116":"Calculated","GE24107Rev1":"Standard","GE24107":"Calculated","ECO16774":"Standard","ECO":"Calculated"},{"WindSpeed":"1","GE23116Rev1":"","GE23116":"","GE20116Rev0":"","GE20116":"","GE24107Rev1":"","GE24107":"","ECO16774":"","ECO":""},{"WindSpeed":"2","GE23116Rev1":"","GE23116":"","GE20116Rev0":"","GE20116":"","GE24107Rev1":"","GE24107":"","ECO16774":"","ECO":""},{"WindSpeed":"3","GE23116Rev1":"","GE23116":"","GE20116Rev0":"","GE20116":"","GE24107Rev1":"","GE24107":"","ECO16774":"","ECO":""},{"WindSpeed":"4","GE23116Rev1":"","GE23116":"","GE20116Rev0":"","GE20116":"","GE24107Rev1":"","GE24107":"","ECO16774":"","ECO":""},{"WindSpeed":"5","GE23116Rev1":"","GE23116":"","GE20116Rev0":"","GE20116":"","GE24107Rev1":"","GE24107":"","ECO16774":"","ECO":""},{"WindSpeed":"6","GE23116Rev1":"","GE23116":"","GE20116Rev0":"","GE20116":"","GE24107Rev1":"","GE24107":"","ECO16774":"","ECO":""},{"WindSpeed":"7","GE23116Rev1":"","GE23116":"","GE20116Rev0":"","GE20116":"","GE24107Rev1":"","GE24107":"","ECO16774":"","ECO":""},{"WindSpeed":"8","GE23116Rev1":"","GE23116":"","GE20116Rev0":"","GE20116":"","GE24107Rev1":"","GE24107":"","ECO16774":"","ECO":""},{"WindSpeed":"9","GE23116Rev1":"","GE23116":"","GE20116Rev0":"","GE20116":"","GE24107Rev1":"","GE24107":"","ECO16774":"","ECO":""},{"WindSpeed":"10","GE23116Rev1":"","GE23116":"","GE20116Rev0":"","GE20116":"","GE24107Rev1":"","GE24107":"","ECO16774":"","ECO":""}]
 