 [{"Year":"1","GE23116Rev1":"1","GE20116Rev0":"","GE24107Rev1":"","AW1570":"","Be20110":"","AmW1203":""},{"Year":"2","GE23116Rev1":"","GE20116Rev0":"","GE24107Rev1":"","AW1570":"","Be20110":"","AmW1203":""},{"Year":"3","GE23116Rev1":"","GE20116Rev0":"","GE24107Rev1":"","AW1570":"","Be20110":"","AmW1203":""},{"Year":"4","GE23116Rev1":"","GE20116Rev0":"","GE24107Rev1":"","AW1570":"","Be20110":"","AmW1203":""},{"Year":"5","GE23116Rev1":"","GE20116Rev0":"","GE24107Rev1":"","AW1570":"","Be20110":"","AmW1203":""},{"Year":"6","GE23116Rev1":"","GE20116Rev0":"","GE24107Rev1":"","AW1570":"","Be20110":"","AmW1203":""},{"Year":"7","GE23116Rev1":"","GE20116Rev0":"","GE24107Rev1":"","AW1570":"","Be20110":"","AmW1203":""},{"Year":"8","GE23116Rev1":"","GE20116Rev0":"","GE24107Rev1":"","AW1570":"","Be20110":"","AmW1203":""},{"Year":"9","GE23116Rev1":"","GE20116Rev0":"","GE24107Rev1":"","AW1570":"","Be20110":"","AmW1203":""},{"Year":"10","GE23116Rev1":"","GE20116Rev0":"","GE24107Rev1":"","AW1570":"","Be20110":"","AmW1203":""}]