 [{"Year":"1","Escalation":"1","GE20116Rev0":"","GE24107Rev1":"","AW1570":"","Be20110":"","AmW1203":""},{"Year":"2","Escalation":"","GE20116Rev0":"","GE24107Rev1":"","AW1570":"","Be20110":"","AmW1203":""},{"Year":"3","Escalation":"","GE20116Rev0":"","GE24107Rev1":"","AW1570":"","Be20110":"","AmW1203":""},{"Year":"4","Escalation":"","GE20116Rev0":"","GE24107Rev1":"","AW1570":"","Be20110":"","AmW1203":""},{"Year":"5","Escalation":"","GE20116Rev0":"","GE24107Rev1":"","AW1570":"","Be20110":"","AmW1203":""},{"Year":"6","Escalation":"","GE20116Rev0":"","GE24107Rev1":"","AW1570":"","Be20110":"","AmW1203":""},{"Year":"7","Escalation":"","GE20116Rev0":"","GE24107Rev1":"","AW1570":"","Be20110":"","AmW1203":""},{"Year":"8","Escalation":"","GE20116Rev0":"","GE24107Rev1":"","AW1570":"","Be20110":"","AmW1203":""},{"Year":"9","Escalation":"","GE20116Rev0":"","GE24107Rev1":"","AW1570":"","Be20110":"","AmW1203":""},{"Year":"10","Escalation":"","GE20116Rev0":"","GE24107Rev1":"","AW1570":"","Be20110":"","AmW1203":""}]