{
  "windApmData": {
    "dtFailures": 3100,
    "nondtFailures": 4000,
    "inventoryCost": 500,
    "insurancePremiums": 2000,
    "remainingAssetLife": 2.25,
    "aepLoss_unplannedEvents": 0.19,
    "aepLoss_planned_maenance": 0.09,
    "aepLoss_pc_underperformance": 0.3,
    "plannedMaintenance": 1600,
    "estimated_annual_hw_costs": 2000,
    "estimated_annual_software_onsolidation_costs": 2000,
    "incrementalAep": 0.58,
    "reduction_planned_OM_cost": 1600,
    "reduction_unplanned_OM_cost": 7100,
    "nonAep_revenue_improvements": 2500,
    "asset_life_extension": 2.25,
    "infrastructure_costs": "",
    "risk": "",
    "npvTotalvalue_remaining_life": "",
    "Value_wtg_year": "",
    "Value_MW_year": ""
  },
  "windBoData": {
    "aepLossDueToIncorrectRT": 0.0225,
    "aepLossDueToIncorrectDA": 0.005,
    "aepLossDueToIncorrectOp": 0.005,
    "optimizedAEPGain": 0.020000000000000004,
    "estAnnualHWCosts": 9000,
    "estAnnualSWCCosts": 18000,
    "incrementalAEP": 0.052500000000000005,
    "plannedOMCostReduction": 0,
    "unplannedOMCostReduction": 0,
    "nonAEPRevImprovments": 0,
    "assetLifeExt": 0,
    "infrastructureCosts": 473.6842105263158,
    "perWtgNpvImpact": 74045.6325,
    "perWtgNpvImpactInfra": 346804.51090661925,
    "risk": 0,
    "npvTotalValueRemaining": 420850.14340661926,
    "perWTGValue": 28056.67622710795,
    "perMWValue": 17535.422641942467
  },
  "windOoData": {
    "plannedDowntimeImpact": "",
    "aepLossMaintenanceImpact": 0.09,
    "aepLossPCImpact": 0.2,
    "wtg_perPerformanceAnalystImpact": 300,
    "performanceAnalystImpact": 333.33,
    "plannedMaintenanceImpact": 2000,
    "annualHardwareCostImpact": 6000,
    "annualSoftwareCostImpact": 6000,
    "incrementalAep": 0.29,
    "reductionPlannedOMAep": 2000,
    "reductionUnplannedOMAep": "",
    "nonAepRevenueAep": 333.33,
    "assetLifeAep": "",
    "infrastructureCostAep": 210.53,
    "riskAep": "",
    "unplannedPartsOutput": 12000,
    "unplannedLaborOutput": 6000,
    "unplannedCraneOutput": 2000,
    "plannedPartsOutput": 10000,
    "plannedLaborOutput": 10000,
    "total": 100,
    "totalOutput": 40000
  }
}