{
  "name": "Predix Front End Web App.html",
  "version": "1.1.169",
  "private": true,
  "dependencies": {
    "local-setup": "https://github.com/PredixDev/local-setup#1.0.106",
    "predix-scripts": "https://github.com/PredixDev/predix-scripts#1.1.218",
    "Predix-HelloWorld-WebApp": "https://github.com/PredixDev/Predix-HelloWorld-WebApp#1.1.151",
    "predix-nodejs-starter": "https://github.com/PredixDev/predix-nodejs-starter#1.1.169",
    "winddata-timeseries-service": "https://github.com/PredixDev/winddata-timeseries-service#2.0.61"
  },
  "author": "turnerth"
}
