{
  "development": {
    "clientId": "cmVuZXdhYmxlZW5lcmd5X29uZS13aW5kX2Rldg==",
    "uaaURL": "https://a8a2ffc4-b04e-4ec1-bfed-7a51dd408725.predix-uaa.run.aws-usw02-pr.ice.predix.io",
    "base64ClientCredential": "cmVuZXdhYmxlZW5lcmd5X29uZS13aW5kX2RldjoxbGU2UG13QlVBSk9hZ1lv=",
    "loginBase64ClientCredential": "cmVuZXdhYmxlZW5lcmd5X29uZS13aW5kX2RldjoxbGU2UG13QlVBSk9hZ1lv=",
    "appURL": "http://localhost:5000",
    "serviceURL": "https://windselect-userservice.run.aws-usw02-pr.ice.predix.io",
    "wsUsersURL": "https://windselect-userservice.run.aws-usw02-pr.ice.predix.io",
    "wsBasicURL": "https://windselect-basicservice.run.aws-usw02-pr.ice.predix.io",
    "wsCacheURL": "https://windselect-cacheservice.run.aws-usw02-pr.ice.predix.io",
    "wsCatalogURL": "https://windselect-catalogservice.run.aws-usw02-pr.ice.predix.io",
    "wsAEPURL" : "https://windselect-aepcalculationservice.run.aws-usw02-pr.ice.predix.io",
    "projEcoAPI" : "https://windselect-projecteconomics-dynamicCapital.run.aws-usw02-pr.ice.predix.io",
    "bopServiceAPI" : "https://ren-ws-bop-service-dev.run.aws-usw02-pr.ice.predix.io",
    "blobUrl": "https://onewind-blobstore-dev.run.aws-usw02-pr.ice.predix.io/download/",
    "windscreenURL": "https://windselect-userservice-security.run.aws-usw02-pr.ice.predix.io/",
    "windscreenUserName": "padselect",
    "windscreenPassword": "409a1fc3fa1560f9ce62941e56d828b6",
    "windsightURL" : "https://windsight-interface-dev.run.aws-usw02-pr.ice.predix.io",
    "windsightUserName" : "padselect",
    "windsightPassword" : "409a1fc3fa1560f9ce62941e56d828b6",
    "userMgmtURL": "https://user-mgmt-service-dev.run.aws-usw02-pr.ice.predix.io"
  }
}
