{
  "development": {
    "clientId": "cmVuZXdhYmxlZW5lcmd5X1dpbmRTZWxlY3RfcHJvZA==",
    "uaaURL": "https://a8a2ffc4-b04e-4ec1-bfed-7a51dd408725.predix-uaa.run.aws-usw02-pr.ice.predix.io",
    "base64ClientCredential": "cmVuZXdhYmxlZW5lcmd5X1dpbmRTZWxlY3RfcHJvZDo4QlFrdU1XN3FMOXBpdW8y",
    "loginBase64ClientCredential": "cmVuZXdhYmxlZW5lcmd5X1dpbmRTZWxlY3RfcHJvZDo4QlFrdU1XN3FMOXBpdW8y",
    "appURL": "http://localhost:5000",
    "serviceURL": "https://ren-ws-userservice.run.aws-usw02-pr.ice.predix.io",
    "wsUsersURL": "https://ren-ws-userservice.run.aws-usw02-pr.ice.predix.io",
    "wsBasicURL": "https://ren-ws-basicservice.run.aws-usw02-pr.ice.predix.io",
    "wsCacheURL": "https://ren-ws-cacheservice.run.aws-usw02-pr.ice.predix.io",
    "wsCatalogURL": "https://ren-ws-catalogservice.run.aws-usw02-pr.ice.predix.io",
    "wsAEPURL" : "https://ren-ws-aepcalculationservice.run.aws-usw02-pr.ice.predix.io",
    "projEcoAPI" : "https://ren-ws-projecteconomicsservice.run.aws-usw02-pr.ice.predix.io",
    "bopAPI" : "https://ren-ws-bop-service-dev.run.aws-usw02-pr.ice.predix.io",
    "blobUrl": "https://onewind-blobstore-dev.run.aws-usw02-pr.ice.predix.io/download/",
    "windscreenURL": "https://windselect-userservice-security.run.aws-usw02-pr.ice.predix.io/",
    "windscreenUserName": "padselect",
    "windscreenPassword": "409a1fc3fa1560f9ce62941e56d828b6",
    "windsightURL" : "https://windsight-interface-dev.run.aws-usw02-pr.ice.predix.io",
    "windsightUserName" : "padselect",
    "windsightPassword" : "409a1fc3fa1560f9ce62941e56d828b6",
    "userMgmtURL": "https://user-mgmt-service-dev.run.aws-usw02-pr.ice.predix.io"
  }
}
