{
  "development": {
    "clientId": "cmVuZXdhYmxlZW5lcmd5X1dpbmRTZWxlY3RfZGV2",
    "uaaURL": "https://a8a2ffc4-b04e-4ec1-bfed-7a51dd408725.predix-uaa.run.aws-usw02-pr.ice.predix.io",
    "base64ClientCredential": "cmVuZXdhYmxlZW5lcmd5X1dpbmRTZWxlY3RfZGV2OlRvSGxlbmIwdHZKSGhzTjQ=",
    "loginBase64ClientCredential": "cmVuZXdhYmxlZW5lcmd5X1dpbmRTZWxlY3RfZGV2OlRvSGxlbmIwdHZKSGhzTjQ=",
    "appURL": "http://localhost:5000",
    "serviceURL": "https://ws-qa-userservice.run.aws-usw02-pr.ice.predix.io",
    "wsUsersURL": "https://ws-qa-userservice.run.aws-usw02-pr.ice.predix.io",
    "wsBasicURL": "https://ws-qa-basicservice.run.aws-usw02-pr.ice.predix.io",
    "wsCacheURL": "https://ws-qa-cacheservice.run.aws-usw02-pr.ice.predix.io",
    "wsCatalogURL": "https://ws-qa-catalogservice.run.aws-usw02-pr.ice.predix.io",
    "wsAEPURL" : "https://ws-qa-aepcalculationservice.run.aws-usw02-pr.ice.predix.io",
    "projEcoAPI" : "https://ws-qa-projecteconomics.run.aws-usw02-pr.ice.predix.io",   
    "blobUrl": "https://onewind-blobstore-dev.run.aws-usw02-pr.ice.predix.io/download/",
    "windscreenURL": "https://ws-qa-userservice-security.run.aws-usw02-pr.ice.predix.io/",
    "windscreenUserName": "padselect",
    "windscreenPassword": "409a1fc3fa1560f9ce62941e56d828b6",
    "windsightURL" : "https://windsight-interface-dev.run.aws-usw02-pr.ice.predix.io",
    "windsightUserName" : "padselect",
    "windsightPassword" : "409a1fc3fa1560f9ce62941e56d828b6",
    "userMgmtURL": "https://user-mgmt-service-dev.run.aws-usw02-pr.ice.predix.io"
  }
}
